,Location,AHTh171B,,CPH11,,CPH18,,CXX468,,CXX602,,REN54P11,,AHT137,,AHT142,,CXX279,,CXX374,,INU055,,REN162C04,,REN169O18coyote,,,Lat,Long
F15-025,W680,168,176,-99,-99,176,176,74,74,142,166,200,202,140,146,134,136,94,96,104,108,212,212,174,180,-99,-99,,37.93689801,-122.141275
F15-026,W680,160,164,168,168,176,176,74,84,142,142,214,214,134,146,132,134,98,102,104,124,214,214,172,174,-99,-99,,37.92156198,-122.139427
F15-027,W680,168,168,-99,-99,170,170,74,74,142,148,198,200,136,146,134,134,96,104,106,106,212,212,174,178,312,316,,37.830316,-122.045836
F15-028,W680,160,170,166,166,172,172,84,84,130,134,212,216,126,146,120,126,98,104,118,118,212,214,184,190,-99,-99,,37.82616704,-122.050689
F15-162,W680,168,176,-99,-99,172,172,84,86,134,142,204,206,130,146,134,134,96,104,102,106,214,214,180,180,-99,-99,,37.70159301,-121.970344
F15-164,W680,168,168,162,164,170,170,74,80,144,166,198,198,140,142,134,140,100,100,106,108,212,222,170,180,318,322,,37.707641,-121.971971
F15-166,W680,174,176,162,164,170,170,74,74,142,142,198,204,140,146,136,140,86,100,104,108,212,216,178,180,322,324,,37.70749899,-121.971946
F15-167,W680,174,174,154,154,170,170,74,86,138,142,204,210,140,144,134,136,96,100,104,106,212,212,174,178,-99,-99,,37.70973,-121.972744
F15-168,W680,168,174,160,160,170,170,74,86,142,142,194,202,140,144,136,136,94,96,106,106,212,212,178,180,310,316,,37.71286902,-121.97434
F15-169,W680,168,174,160,162,170,170,74,86,142,142,202,210,144,144,136,136,94,96,106,106,280,212,180,180,310,310,,37.71685797,-121.976064
F15-171,W680,168,174,160,162,170,170,74,86,142,148,202,210,144,144,136,136,94,96,106,108,208,212,174,180,310,322,,37.717914,-121.976285
F15-172,W680,168,168,-99,-99,170,170,74,86,138,148,198,210,144,146,136,136,96,100,108,108,214,220,174,178,312,312,,37.720858,-121.971499
F15-175,W680,168,174,160,162,170,170,74,86,142,142,202,204,140,144,136,136,94,96,106,106,212,212,178,180,310,316,,37.71741101,-121.976166
F15-176,W680,164,164,166,166,174,174,78,86,148,148,196,196,134,150,134,134,98,102,106,108,210,210,172,176,324,324,,37.71778702,-121.976271
F15-177,W680,174,176,160,162,170,170,74,86,142,148,198,210,144,146,136,136,96,100,106,108,208,212,174,180,312,312,,37.718662,-121.975847
F15-181,W680,174,174,160,162,170,170,74,86,142,148,202,210,144,144,136,136,96,96,106,108,-99,-99,174,180,322,322,,37.718374,-121.976285
F15-183,S580-W680,168,176,-99,-99,172,180,84,84,134,146,196,204,136,136,130,136,94,94,102,106,210,218,180,180,322,324,,37.60170696,-121.887561
F15-193,S580-W680,168,176,-99,-99,170,176,76,82,142,148,210,210,140,146,126,134,98,104,104,118,212,222,178,178,320,322,,37.628568,-121.904359
F15-218,S580-W680,176,176,162,164,176,176,76,76,142,144,204,208,142,142,134,134,96,96,104,108,208,210,174,176,312,322,,37.642776,-121.927397
F15-069,E680,168,176,-99,-99,170,170,80,82,144,158,198,198,144,146,128,134,100,102,108,108,212,212,170,172,-99,-99,,37.929945,-121.992726
F15-070,E680,174,174,160,162,170,74,74,88,156,160,164,200,140,142,134,134,98,100,104,108,212,216,174,174,-99,-99,,37.931625,-121.990884
F15-071,E680,174,174,162,164,170,17,80,82,144,152,200,204,144,150,134,136,96,96,108,108,210,212,174,176,-99,-99,,37.932669,-121.987909
F15-072,E680,174,174,158,158,170,170,80,82,148,152,200,204,144,150,134,136,96,102,108,108,208,214,172,174,-99,-99,,37.933151,-121.986403
F15-124,E680,174,176,152,158,170,174,74,86,144,152,200,204,140,142,124,136,86,98,104,108,208,212,174,174,316,320,,37.73753503,-121.838121
